X;time;peak;backend
[1, 16, 1, 1];0.004670624330174178;0.10690688641689236;jir
[1, 16, 1, 4];0.0046710853348486125;0.10689633542695437;jir
[1, 16, 2, 1];0.004659873258788139;0.10715353766762317;jir
[1, 16, 2, 4];0.004660328151658177;0.10714307845129802;jir
[1, 16, 4, 1];0.004657587502151728;0.10720612431462133;jir
[1, 16, 4, 4];0.0046582347713410854;0.1071912278517796;jir
[1, 16, 8, 1];0.004642732557840645;0.10754914235123238;jir
[1, 16, 8, 4];0.004641886684112251;0.10756874063103047;jir
[1, 16, 16, 1];0.004637586884200573;0.10766847440918141;jir
[1, 16, 16, 4];0.004637303703930229;0.10767504926164684;jir
[1, 16, 32, 1];0.004636624129489064;0.1076908308323297;jir
[1, 16, 32, 4];0.004635839315596968;0.10770906210704284;jir
[1, 16, 64, 1];0.0046403834712691605;0.10760358661163374;jir
[1, 16, 64, 4];0.004636737052351236;0.10768820813522396;jir
[1, 16, 128, 1];0.004652387578971684;0.10732594743799694;jir
[1, 16, 128, 4];0.00465164880733937;0.10734299287041507;jir
[1, 16, 256, 1];0.0046457378775812685;0.1074795689983846;jir
[1, 16, 256, 4];0.004645743756555021;0.10747943298796342;jir
[1, 16, 512, 1];0.0046669982257299125;0.10698994955881122;jir
[1, 16, 512, 4];0.0046669936273247;0.10699005497638428;jir
[1, 32, 1, 1];0.0029277626308612525;0.1705472634627557;jir
[1, 32, 1, 4];0.0029285350756254047;0.17050227908070106;jir
[1, 32, 2, 1];0.002924774686107412;0.17072149425173438;jir
[1, 32, 2, 4];0.0029303657938726246;0.1703957593983603;jir
[1, 32, 4, 1];0.002930344606284052;0.17039699142930875;jir
[1, 32, 4, 4];0.002926736604422331;0.17060705223948883;jir
[1, 32, 8, 1];0.002901683881646022;0.17208004907779864;jir
[1, 32, 8, 4];0.0029019348439760506;0.17206516741697928;jir
[1, 32, 16, 1];0.0028921773773618042;0.17264567127531363;jir
[1, 32, 16, 4];0.0028913763526361436;0.17269350090197005;jir
[1, 32, 32, 1];0.0028903402271680534;0.17275540784731036;jir
[1, 32, 32, 4];0.002887241280404851;0.17294083045663905;jir
[1, 32, 64, 1];0.0028896114963572472;0.17279897501493496;jir
[1, 32, 64, 4];0.002887228794861585;0.17294157832262907;jir
[1, 32, 128, 1];0.0028766848554369062;0.17357546267822535;jir
[1, 32, 128, 4];0.002868402109015733;0.17407667606730448;jir
[1, 32, 256, 1];0.0028869721572846174;0.1729569519754389;jir
[1, 32, 256, 4];0.002867280738428235;0.17414475606445826;jir
[1, 32, 512, 1];0.0029063693655189127;0.17180263138121613;jir
[1, 32, 512, 4];0.0029085838759783655;0.1716718258963555;jir
[1, 64, 1, 1];0.002352397161303088;0.21226088560883577;jir
[1, 64, 1, 4];0.0023519876995123923;0.21229783849015146;jir
[1, 64, 2, 1];0.0023518579255323857;0.21230955294583714;jir
[1, 64, 2, 4];0.0023518290545325726;0.21231215925306496;jir
[1, 64, 4, 1];0.0023573910002596676;0.21181123738357543;jir
[1, 64, 4, 4];0.00235784548567608;0.2117704098064471;jir
[1, 64, 8, 1];0.002340666891541332;0.21332463263625723;jir
[1, 64, 8, 4];0.0023421705118380487;0.21318768306499403;jir
[1, 64, 16, 1];0.002335940982447937;0.2137562158092894;jir
[1, 64, 16, 4];0.0023362901411019266;0.2137242699343825;jir
[1, 64, 32, 1];0.002335434081032872;0.21380261117927765;jir
[1, 64, 32, 4];0.0023360146151389927;0.2137494780751597;jir
[1, 64, 64, 1];0.0023385427775792778;0.21351839681922496;jir
[1, 64, 64, 4];0.0023388593981508166;0.21348949199626366;jir
[1, 64, 128, 1];0.0023345711233559996;0.21388164179985147;jir
[1, 64, 128, 4];0.002334836666705087;0.21385731682317036;jir
[1, 64, 256, 1];0.0023558320535812527;0.211951401205724;jir
[1, 64, 256, 4];0.0023669814981985837;0.21095302398515534;jir
[1, 128, 1, 1];0.0021284837275743484;0.23459042617673165;jir
[1, 128, 1, 4];0.0021285932161845267;0.23457835953124584;jir
[1, 128, 2, 1];0.002128197898855433;0.234621932965184;jir
[1, 128, 2, 4];0.0021284484828356653;0.2345943107331749;jir
[1, 128, 4, 1];0.0021312357566785067;0.2342875034811208;jir
[1, 128, 4, 4];0.0021311985328793526;0.23429159557805093;jir
[1, 128, 8, 1];0.0021324256667867303;0.23415676923187367;jir
[1, 128, 8, 4];0.0021323289547581226;0.23416738943947069;jir
[1, 128, 16, 1];0.002136893948772922;0.23366714340158648;jir
[1, 128, 16, 4];0.0021373446215875447;0.2336178731865084;jir
[1, 128, 32, 1];0.0021386317384894937;0.23347727230241783;jir
[1, 128, 32, 4];0.0021311147429514676;0.23430080731850858;jir
[1, 128, 64, 1];0.002149735199054703;0.2322713536911291;jir
[1, 128, 64, 4];0.002149550535250455;0.23229130768201559;jir
[1, 128, 128, 1];0.002181315765483305;0.228908584746451;jir
[1, 128, 128, 4];0.0021798756788484752;0.22905980813808283;jir
[1, 256, 1, 1];0.0020406550029292703;0.24468707549544153;jir
[1, 256, 1, 4];0.0020403834932949394;0.24471963550125;jir
[1, 256, 2, 1];0.0020637856505345553;0.24194465381255653;jir
[1, 256, 2, 4];0.002063673280645162;0.24195782803652077;jir
[1, 256, 4, 1];0.0020500305108726025;0.24356803575053462;jir
[1, 256, 4, 4];0.002050031296676025;0.24356794238776674;jir
[1, 256, 8, 1];0.0020511030161287636;0.24344067598531505;jir
[1, 256, 8, 4];0.0020511523471213877;0.2434348211446406;jir
[1, 256, 16, 1];0.002053320175036788;0.24317781066606367;jir
[1, 256, 16, 4];0.0020539586839731783;0.2431022145956784;jir
[1, 256, 32, 1];0.00204596811090596;0.2440516555953571;jir
[1, 256, 32, 4];0.002061440667603165;0.2422198769089318;jir
[1, 256, 64, 1];0.002086257707560435;0.23933855484507077;jir
[1, 256, 64, 4];0.002086341381072998;0.23932895608153315;jir
[2, 16, 1, 1];0.004014898790046573;0.1243672458194426;jir
[2, 16, 1, 4];0.004014350124634802;0.1243842438400486;jir
[2, 16, 2, 1];0.004052457050420344;0.12321460747131478;jir
[2, 16, 2, 4];0.004013456637039781;0.12441193462854787;jir
[2, 16, 4, 1];0.004030935815535486;0.1238724523564692;jir
[2, 16, 4, 4];0.004013805941212922;0.12440110759590332;jir
[2, 16, 8, 1];0.004214508167933673;0.11847690996568097;jir
[2, 16, 8, 4];0.00401148060336709;0.12447321927539477;jir
[2, 16, 16, 1];0.0042313054436817765;0.11800658482537504;jir
[2, 16, 16, 4];0.004013087076600641;0.12442339157635836;jir
[2, 16, 32, 1];0.004274407750926912;0.11681662907653723;jir
[2, 16, 32, 4];0.004016958060674369;0.12430348966055133;jir
[2, 16, 64, 1];0.004439160169567913;0.11248116438441248;jir
[2, 16, 64, 4];0.00402368773939088;0.12409559019047882;jir
[2, 16, 128, 1];0.004506370343733579;0.11080356621293821;jir
[2, 16, 128, 4];0.004023223300464451;0.12410991572460364;jir
[2, 16, 256, 1];0.004582428373396397;0.10896447561750282;jir
[2, 16, 256, 4];0.004035516059957445;0.1237318591583477;jir
[2, 16, 512, 1];0.004679730220232159;0.10669886537543476;jir
[2, 16, 512, 4];0.0034931498812511563;0.14294316640746618;jir
[2, 32, 1, 1];0.0025635663187131286;0.19477627753065377;jir
[2, 32, 1, 4];0.002563078887760639;0.1948133189135517;jir
[2, 32, 2, 1];0.002567983785411343;0.1944412217859556;jir
[2, 32, 2, 4];0.002561540313763544;0.19493033237812912;jir
[2, 32, 4, 1];0.0025716855889186263;0.19416133407344938;jir
[2, 32, 4, 4];0.002559076849138364;0.19511797972383105;jir
[2, 32, 8, 1];0.0026338501193095;0.18957870878879354;jir
[2, 32, 8, 4];0.0025548423582222313;0.19544137553338295;jir
[2, 32, 16, 1];0.0026630819484125823;0.18749776177918295;jir
[2, 32, 16, 4];0.0025545067037455738;0.19546705594069042;jir
[2, 32, 32, 1];0.002857622952433303;0.17473330564367343;jir
[2, 32, 32, 4];0.002561131783295423;0.1949614260455682;jir
[2, 32, 64, 1];0.0028242277330718935;0.17679944818713175;jir
[2, 32, 64, 4];0.00256419598008506;0.1947284484649029;jir
[2, 32, 128, 1];0.0028458937304094434;0.1754534610433491;jir
[2, 32, 128, 4];0.0025778196286410093;0.19369931829758794;jir
[2, 32, 256, 1];0.002907625923398882;0.1717283852587957;jir
[2, 32, 256, 4];0.002611237927339971;0.1912203784779415;jir
[2, 64, 1, 1];0.0020801857754122466;0.24003716911435483;jir
[2, 64, 1, 4];0.002080049307551235;0.2400529174713353;jir
[2, 64, 2, 1];0.0020460830128286034;0.2440379503818949;jir
[2, 64, 2, 4];0.0020708371594082564;0.24112079624096877;jir
[2, 64, 4, 1];0.0020794927258975804;0.2401171682610144;jir
[2, 64, 4, 4];0.00207209779182449;0.24097410205830583;jir
[2, 64, 8, 1];0.002078218647511676;0.24026437514635932;jir
[2, 64, 8, 4];0.0020730030082631856;0.24086887610464652;jir
[2, 64, 16, 1];0.002105312596540898;0.2371723351593051;jir
[2, 64, 16, 4];0.0020783843065146357;0.24024522471459905;jir
[2, 64, 32, 1];0.0022106351680122316;0.22587259625064554;jir
[2, 64, 32, 4];0.0020806756510864943;0.239980654601868;jir
[2, 64, 64, 1];0.002302513341419399;0.21685950555843236;jir
[2, 64, 64, 4];0.002100352809065953;0.23773239553213826;jir
[2, 64, 128, 1];0.0023438477946911007;0.21303512365132532;jir
[2, 64, 128, 4];0.002132839523255825;0.23411133342075321;jir
[2, 128, 1, 1];0.001811087626265362;0.27570278628182937;jir
[2, 128, 1, 4];0.0018112948455382138;0.27567124479589333;jir
[2, 128, 2, 1];0.0018198697071056813;0.27437233710320164;jir
[2, 128, 2, 4];0.001805538428016007;0.27655013984420057;jir
[2, 128, 4, 1];0.0017647702479735017;0.2829387594987391;jir
[2, 128, 4, 4];0.001820002420572564;0.2743523300396603;jir
[2, 128, 8, 1];0.0017714175337459892;0.2818770251788106;jir
[2, 128, 8, 4];0.0018198648176621646;0.2743730742612761;jir
[2, 128, 16, 1];0.0017977966635953635;0.2777410342743238;jir
[2, 128, 16, 4];0.0018225205421913415;0.2739732657068083;jir
[2, 128, 32, 1];0.0019746150937862694;0.2528704993358827;jir
[2, 128, 32, 4];0.0018135076097678393;0.27533488256265254;jir
[2, 128, 64, 1];0.002155405964003876;0.23166025941320392;jir
[2, 128, 64, 4];0.0018536893476266414;0.2693665502265567;jir
[2, 256, 1, 1];0.0037486228975467384;0.13320142313826305;jir
[2, 256, 1, 4];0.0037482588086277246;0.1332143617224531;jir
[2, 256, 2, 1];0.0020394882594700903;0.24482705523965165;jir
[2, 256, 2, 4];0.0024072306987363845;0.20742586284896222;jir
[2, 256, 4, 1];0.002105519932229072;0.23714898022042596;jir
[2, 256, 4, 4];0.002856222097761929;0.1748190048502048;jir
[2, 256, 8, 1];0.0019368345674593002;0.25780307371161026;jir
[2, 256, 8, 4];0.0030175207648426294;0.1654742232694944;jir
[2, 256, 16, 1];0.0018520252488087863;0.26960858394509807;jir
[2, 256, 16, 4];0.0028824934852309525;0.17322568370762437;jir
[2, 256, 32, 1];0.002051664749160409;0.24337402344424908;jir
[2, 256, 32, 4];0.0027020910347346216;0.184790926117315;jir
[4, 16, 1, 1];0.003709711425472051;0.13459858395814908;jir
[4, 16, 1, 4];0.0037095933221280575;0.13460286921032685;jir
[4, 16, 2, 1];0.0036054571392014623;0.13849059508512;jir
[4, 16, 2, 4];0.003731661126948893;0.13380687253618975;jir
[4, 16, 4, 1];0.00402268412290141;0.12412655070758148;jir
[4, 16, 4, 4];0.0037295189686119556;0.13388372842831828;jir
[4, 16, 8, 1];0.004101209226064384;0.12174992233718973;jir
[4, 16, 8, 4];0.0037305354489944875;0.13384724836122114;jir
[4, 16, 16, 1];0.00400892342440784;0.12455261722432623;jir
[4, 16, 16, 4];0.0037327567115426064;0.1337675994842841;jir
[4, 16, 32, 1];0.004031830874737352;0.12384495289486377;jir
[4, 16, 32, 4];0.0037388174096122384;0.13355075952042564;jir
[4, 16, 64, 1];0.00438292050966993;0.11392447197257242;jir
[4, 16, 64, 4];0.0037390918005257845;0.133540958981454;jir
[4, 16, 128, 1];0.0044692764058709145;0.11172320962426655;jir
[4, 16, 128, 4];0.003757347585633397;0.13289212493172395;jir
[4, 16, 256, 1];0.004581682151183486;0.10898222274823796;jir
[4, 16, 256, 4];0.0037709177704527974;0.132413893687729;jir
[4, 32, 1, 1];0.002437856834148988;0.20482002788986953;jir
[4, 32, 1, 4];0.0024377511581405997;0.2048289067957058;jir
[4, 32, 2, 1];0.002410751854768023;0.20712289561214609;jir
[4, 32, 2, 4];0.0024661860370542854;0.20246724993963372;jir
[4, 32, 4, 1];0.002526884665712714;0.19760375751897238;jir
[4, 32, 4, 4];0.0024698984052520245;0.20216293257250587;jir
[4, 32, 8, 1];0.0025063558132387698;0.19922227407794493;jir
[4, 32, 8, 4];0.0024683614319656044;0.2022888132570946;jir
[4, 32, 16, 1];0.0025792948435992002;0.19358853292830255;jir
[4, 32, 16, 4];0.002470820560120046;0.2020874817140282;jir
[4, 32, 32, 1];0.002655728632817045;0.18801691505364865;jir
[4, 32, 32, 4];0.0024763144610915333;0.20163913453132642;jir
[4, 32, 64, 1];0.002811103855492547;0.17762485145694348;jir
[4, 32, 64, 4];0.0024866774620022625;0.20079882187851286;jir
[4, 32, 128, 1];0.002808387973345816;0.17779662550222003;jir
[4, 32, 128, 4];0.002518276800401509;0.19827919817324843;jir
[4, 64, 1, 1];0.0019698577816598117;0.253481195145557;jir
[4, 64, 1, 4];0.0019687928433995694;0.2536183054687012;jir
[4, 64, 2, 1];0.001994023157749325;0.2504092807655728;jir
[4, 64, 2, 4];0.0020118278334848583;0.24819315870433445;jir
[4, 64, 4, 1];0.0019400799355935305;0.2573718204085992;jir
[4, 64, 4, 4];0.0020079514652024955;0.24867229781948427;jir
[4, 64, 8, 1];0.0019100696372333914;0.2614155500032655;jir
[4, 64, 8, 4];0.0020136436505708843;0.2479693488072445;jir
[4, 64, 16, 1];0.001989405893255025;0.2509904622555051;jir
[4, 64, 16, 4];0.002013364661252126;0.24800370959693555;jir
[4, 64, 32, 1];0.0021110796369612217;0.23652442855289443;jir
[4, 64, 32, 4];0.002033725962974131;0.24552074067623836;jir
[4, 64, 64, 1];0.0022923449869267642;0.21782144817186588;jir
[4, 64, 64, 4];0.0020529311732389033;0.2432238894663605;jir
[4, 128, 1, 1];0.0024924918834585696;0.20033040351130377;jir
[4, 128, 1, 4];0.0024925699399318546;0.20032413003245797;jir
[4, 128, 2, 1];0.0020341214549262077;0.24547300435411748;jir
[4, 128, 2, 4];0.00246780103771016;0.20233474949229252;jir
[4, 128, 4, 1];0.0017796555766835809;0.2805722136933933;jir
[4, 128, 4, 4];0.002476039167959243;0.20166155334830466;jir
[4, 128, 8, 1];0.0017117779643740505;0.2916978224710895;jir
[4, 128, 8, 4];0.0024590130778960884;0.20305784839059113;jir
[4, 128, 16, 1];0.0017432925524190068;0.2864246187876164;jir
[4, 128, 16, 4];0.002414981630863622;0.2067601253692941;jir
[4, 128, 32, 1];0.0018008567858487368;0.2772690802986737;jir
[4, 128, 32, 4];0.001855305745266378;0.269131870062858;jir
[4, 256, 1, 1];0.0041728378855623305;0.11966002956633344;jir
[4, 256, 1, 4];0.0041642041760496795;0.11990812257327409;jir
[4, 256, 2, 1];0.0026291030808351934;0.18992100705434645;jir
[4, 256, 2, 4];0.0036059936974197626;0.13846998820857348;jir
[4, 256, 4, 1];0.002105163410305977;0.23718914280831546;jir
[4, 256, 4, 4];0.0036603575572371483;0.13641342326644035;jir
[4, 256, 8, 1];0.0019406784849707037;0.257292441086367;jir
[4, 256, 8, 4];0.003654439002275467;0.13663435193500229;jir
[4, 256, 16, 1];0.00184798936243169;0.270197391236532;jir
[4, 256, 16, 4];0.003666162781883031;0.1361974179731978;jir
[8, 16, 1, 1];0.0034828624920919538;0.14336538002738977;jir
[8, 16, 1, 4];0.003483456210233271;0.1433409449198925;jir
[8, 16, 2, 1];0.0034262023982591927;0.14573625452355166;jir
[8, 16, 2, 4];0.003538818273227662;0.14109848718128343;jir
[8, 16, 4, 1];0.0038991838227957487;0.12805805713563065;jir
[8, 16, 4, 4];0.0035423588706180453;0.14095745885700922;jir
[8, 16, 8, 1];0.003998861997388303;0.12486600064918892;jir
[8, 16, 8, 4];0.003545110870618373;0.14084803634781898;jir
[8, 16, 16, 1];0.003654084517620504;0.1366476069051236;jir
[8, 16, 16, 4];0.003561569901648909;0.14019713737212697;jir
[8, 16, 32, 1];0.003963503229897469;0.1259799414304556;jir
[8, 16, 32, 4];0.003558036347385496;0.14033636984310596;jir
[8, 16, 64, 1];0.004370625130832195;0.11424496263463133;jir
[8, 16, 64, 4];0.0035680762375704944;0.13994148989986083;jir
[8, 16, 128, 1];0.004449611878953874;0.11221695697182871;jir
[8, 16, 128, 4];0.0035633257939480245;0.14012805273375684;jir
[8, 32, 1, 1];0.002337599085876718;0.21360459446562186;jir
[8, 32, 1, 4];0.0023374798183795065;0.2136154934197752;jir
[8, 32, 2, 1];0.0023319987230934203;0.21411757211408294;jir
[8, 32, 2, 4];0.0023559076944366097;0.21194459610664512;jir
[8, 32, 4, 1];0.0024872101785149425;0.20075581431563563;jir
[8, 32, 4, 4];0.002370398520724848;0.2106489269193504;jir
[8, 32, 8, 1];0.002457261987728998;0.20320255115466063;jir
[8, 32, 8, 4];0.002373172901570797;0.210402665743994;jir
[8, 32, 16, 1];0.0025048028910532594;0.19934578746511344;jir
[8, 32, 16, 4];0.0023811414430383593;0.20969854866108467;jir
[8, 32, 32, 1];0.0026212685042992234;0.19048865232346535;jir
[8, 32, 32, 4];0.0024003528233151883;0.2080202126586868;jir
[8, 32, 64, 1];0.0028270766197238117;0.17662128478523;jir
[8, 32, 64, 4];0.002422271150862798;0.20613790680867805;jir
[8, 64, 1, 1];0.002300000051036477;0.2170964755139415;jir
[8, 64, 1, 4];0.0022995058388914913;0.2171431341103312;jir
[8, 64, 2, 1];0.002126635197782889;0.2347943386258583;jir
[8, 64, 2, 4];0.002043407497694716;0.24435747902717309;jir
[8, 64, 4, 1];0.0019921415369026363;0.2506457977570439;jir
[8, 64, 4, 4];0.0020629135542549193;0.24204693586506065;jir
[8, 64, 8, 1];0.0019078548648394644;0.26171901959844307;jir
[8, 64, 8, 4];0.0020644384494517;0.24186814816131771;jir
[8, 64, 16, 1];0.0019245734729338437;0.2594454884597013;jir
[8, 64, 16, 4];0.00256798934424296;0.19444080088622961;jir
[8, 64, 32, 1];0.002080959762679413;0.2399478902556892;jir
[8, 64, 32, 4];0.002490001788828522;0.20053074138425503;jir
[8, 128, 1, 1];0.004024206369649619;0.12407959704247969;jir
[8, 128, 1, 4];0.004023007000796497;0.12411658857741145;jir
[8, 128, 2, 1];0.002596439910121262;0.1923102101517862;jir
[8, 128, 2, 4];0.002457407594192773;0.2031905109847785;jir
[8, 128, 4, 1];0.002048003487288952;0.24380910865678407;jir
[8, 128, 4, 4];0.002404269762337208;0.20768131454455027;jir
[8, 128, 8, 1];0.001784162101102993;0.2798635305913164;jir
[8, 128, 8, 4];0.0023873798199929297;0.20915059287188895;jir
[8, 128, 16, 1];0.001653224549954757;0.30202908901611064;jir
[8, 128, 16, 4];0.0036108457134105265;0.13828392138369264;jir
[8, 256, 1, 1];0.004346694564446807;0.11487393405693604;jir
[8, 256, 1, 4];0.004347809182945639;0.11484448460169414;jir
[8, 256, 2, 1];0.0027665252855513245;0.18048702007883433;jir
[8, 256, 2, 4];0.004211394814774394;0.11856449625909833;jir
[8, 256, 4, 1];0.002114825649186969;0.23610547042204916;jir
[8, 256, 4, 4];0.004230068938340992;0.11804107971765962;jir
[8, 256, 8, 1];0.0019098168122582138;0.26145015666266674;jir
[8, 256, 8, 4];0.004191129992250353;0.11913777565601173;jir
[16, 16, 1, 1];0.0037327705649659038;0.13376710303288242;jir
[16, 16, 1, 4];0.003731797100044787;0.13380199710105145;jir
[16, 16, 2, 1];0.0034794178209267557;0.14350731371172565;jir
[16, 16, 2, 4];0.003999462933279574;0.12484723901477918;jir
[16, 16, 4, 1];0.0038467671256512403;0.1298029978036094;jir
[16, 16, 4, 4];0.0037510278634727;0.13311602124427643;jir
[16, 16, 8, 1];0.0036577684222720563;0.13650998289600477;jir
[16, 16, 8, 4];0.0038245414616540074;0.13055732556915778;jir
[16, 16, 16, 1];0.003607141727115959;0.13842591795280826;jir
[16, 16, 16, 4];0.0038189998012967408;0.13074677421883082;jir
[16, 16, 32, 1];0.003952718339860439;0.126323674451222;jir
[16, 16, 32, 4];0.004291780467610806;0.11634376653936182;jir
[16, 16, 64, 1];0.004385117848869413;0.1138673855460103;jir
[16, 16, 64, 4];0.0040355107630603015;0.12373202156528199;jir
[16, 32, 1, 1];0.0028498104366008192;0.17521232231764972;jir
[16, 32, 1, 4];0.0028496479790192097;0.1752223111199023;jir
[16, 32, 2, 1];0.0025554135208949447;0.19539769226353418;jir
[16, 32, 2, 4];0.002985678904224187;0.16723898342030552;jir
[16, 32, 4, 1];0.002572550729382783;0.1940960382467187;jir
[16, 32, 4, 4];0.00297843010048382;0.16764600407469502;jir
[16, 32, 8, 1];0.002459584502503276;0.20301067284076357;jir
[16, 32, 8, 4];0.00298081457731314;0.16751189710430958;jir
[16, 32, 16, 1];0.0024890017812140286;0.20061130873050517;jir
[16, 32, 16, 4];0.003284722159150988;0.15201343692672198;jir
[16, 32, 32, 1];0.0026105034339707345;0.19127418039914462;jir
[16, 32, 32, 4];0.0032915868796408176;0.15169640754443384;jir
[16, 64, 1, 1];0.0042350313742645085;0.11790276402583233;jir
[16, 64, 1, 4];0.004232596722431481;0.11797058342828881;jir
[16, 64, 2, 1];0.0028734531661029905;0.17377067796065412;jir
[16, 64, 2, 4];0.0030413741478696465;0.1641764151614357;jir
[16, 64, 4, 1];0.002305105561390519;0.21661563493027045;jir
[16, 64, 4, 4];0.003070540609769523;0.16261693565400662;jir
[16, 64, 8, 1];0.0018826250452548265;0.26522642202197944;jir
[16, 64, 8, 4];0.002981082769110799;0.16749682697030352;jir
[16, 64, 16, 1];0.001953924016561359;0.25554827133996927;jir
[16, 64, 16, 4];0.0039650475373491645;0.12593087473945566;jir
[16, 128, 1, 1];0.00461069296579808;0.10829649869680175;jir
[16, 128, 1, 4];0.00461213942617178;0.1082625347205424;jir
[16, 128, 2, 1];0.0028890126850456;0.17283479139657135;jir
[16, 128, 2, 4];0.0030031521164346486;0.16626593838832954;jir
[16, 128, 4, 1];0.0021974169940222055;0.22723129297727593;jir
[16, 128, 4, 4];0.003044534387299791;0.16400599935570287;jir
[16, 128, 8, 1];0.0016406515787821263;0.3043436590799839;jir
[16, 128, 8, 4];0.0032771627884358168;0.1523640835065841;jir
[16, 256, 1, 1];0.0057382441009394825;0.08701649772622157;jir
[16, 256, 1, 4];0.005714542465284467;0.08737740734192773;jir
[16, 256, 2, 1];0.0032526810537092388;0.15351087195976265;jir
[16, 256, 2, 4];0.005064059456344694;0.09860111419827643;jir
[16, 256, 4, 1];0.0025554867752362043;0.19539209108830247;jir
[16, 256, 4, 4];0.007804126478731632;0.0639817801675425;jir
[32, 16, 1, 1];0.006210602936334908;0.08039829785939784;jir
[32, 16, 1, 4];0.006103174411691725;0.08181347460845362;jir
[32, 16, 2, 1];0.003852334921248257;0.12961539299394856;jir
[32, 16, 2, 4];0.0096916543552652;0.05152081228429668;jir
[32, 16, 4, 1];0.0037100965273566544;0.13458461284770357;jir
[32, 16, 4, 4];0.006489990861155093;0.0769372277163785;jir
[32, 16, 8, 1];0.0036883042193949223;0.13537980466367822;jir
[32, 16, 8, 4];0.006699498393572867;0.0745312373297868;jir
[32, 16, 16, 1];0.0035991055192425847;0.13873500015275594;jir
[32, 16, 16, 4];0.006256876513361931;0.07980370136689979;jir
[32, 16, 32, 1];0.003918479080311954;0.12742747747989847;jir
[32, 16, 32, 4];0.006204351200722158;0.08047931018214861;jir
[32, 32, 1, 1];0.009023231570608914;0.05533737008239156;jir
[32, 32, 1, 4];0.0090292306849733;0.05530060336069278;jir
[32, 32, 2, 1];0.004702117468696088;0.10619086147594019;jir
[32, 32, 2, 4];0.007062188000418246;0.07070357015875721;jir
[32, 32, 4, 1];0.0026858012715820223;0.18591170912201865;jir
[32, 32, 4, 4];0.006424910039640963;0.07771655971541165;jir
[32, 32, 8, 1];0.0025012480618897825;0.1996291021149854;jir
[32, 32, 8, 4];0.0064895524410530925;0.07694242542878307;jir
[32, 32, 16, 1];0.002516261418350041;0.19843800851555374;jir
[32, 32, 16, 4];0.0055504345218651;0.08996086753116381;jir
[32, 64, 1, 1];0.009421217371709645;0.05299972233538372;jir
[32, 64, 1, 4];0.009413169114850461;0.053045037082586934;jir
[32, 64, 2, 1];0.00438553118146956;0.1138566536413465;jir
[32, 64, 2, 4];0.007014075294137001;0.07118855783873367;jir
[32, 64, 4, 1];0.002039951825281605;0.2447714198804552;jir
[32, 64, 4, 4];0.005727465031668544;0.08718026247232115;jir
[32, 64, 8, 1];0.0019254591315984726;0.2593261506139468;jir
[32, 64, 8, 4];0.0066998982802033424;0.07452678889727118;jir
[32, 128, 1, 1];0.010559669113717973;0.04728575293265961;jir
[32, 128, 1, 4];0.010592959471978247;0.04713714860165096;jir
[32, 128, 2, 1];0.0042727707186713815;0.11686138518501385;jir
[32, 128, 2, 4];0.007994477986358106;0.06245835007788563;jir
[32, 128, 4, 1];0.0017427925195079297;0.28650679824061115;jir
[32, 128, 4, 4];0.006911493255756795;0.07224515546564474;jir
[32, 256, 1, 1];0.009775530896149576;0.05107875061379834;jir
[32, 256, 1, 4];0.009785020491108298;0.05102921401295391;jir
[32, 256, 2, 1];0.004213699663523585;0.11849964274491297;jir
[32, 256, 2, 4];0.00882809201721102;0.05656056866970119;jir
[64, 16, 1, 1];0.010790517320856452;0.046274139590767385;jir
[64, 16, 1, 4];0.010823130374774337;0.046134702943769694;jir
[64, 16, 2, 1];0.003979038796387613;0.12548807144459517;jir
[64, 16, 2, 4];0.012017485336400568;0.041549616311947986;jir
[64, 16, 4, 1];0.003740248503163457;0.13349966034063895;jir
[64, 16, 4, 4];0.012953493278473616;0.03854727786763809;jir
[64, 16, 8, 1];0.003708617470692843;0.13463828736928793;jir
[64, 16, 8, 4];0.011506670503877103;0.0433941255720898;jir
[64, 16, 16, 1];0.0035888535785488784;0.13913131138768867;jir
[64, 16, 16, 4];0.010769685148261487;0.04636364925139047;jir
[64, 32, 1, 1];0.005042037751991302;0.0990317663854664;jir
[64, 32, 1, 4];0.004994287213776261;0.09997861224011574;jir
[64, 32, 2, 1];0.0029266214987728745;0.17061376230963562;jir
[64, 32, 2, 4];0.007419924368150532;0.06729474317894756;jir
[64, 32, 4, 1];0.002714110421948135;0.1839725829590608;jir
[64, 32, 4, 4];0.00809918309096247;0.061650897276180436;jir
[64, 32, 8, 1];0.0025512287102174014;0.19571820541301269;jir
[64, 32, 8, 4];0.007213381119072437;0.0692216169532038;jir
[64, 64, 1, 1];0.0037060663453303277;0.13473096761774225;jir
[64, 64, 1, 4];0.0037123539368622005;0.13450277458833776;jir
[64, 64, 2, 1];0.0022331752988975495;0.22359279408490895;jir
[64, 64, 2, 4];0.005876529088709503;0.08496884763511939;jir
[64, 64, 4, 1];0.0020841913938056678;0.23957584041749577;jir
[64, 64, 4, 4];0.007007834268733859;0.07125195682633056;jir
[64, 128, 1, 1];0.00356136477785185;0.14020521230152858;jir
[64, 128, 1, 4];0.0035607038298621774;0.14023123759249356;jir
[64, 128, 2, 1];0.0020142530847806484;0.24789432297991532;jir
[64, 128, 2, 4];0.005939792958088219;0.08406385681877647;jir
[64, 256, 1, 1];0.0034781289868988097;0.14356049089689257;jir
[64, 256, 1, 4];0.003475824953056872;0.1436556534076228;jir
[128, 16, 1, 1];0.01076538860797882;0.04638215330116647;jir
[128, 16, 1, 4];0.010768118081614375;0.04637039647758446;jir
[128, 16, 2, 1];0.004202500684186816;0.11881542497797916;jir
[128, 16, 2, 4];0.007965101394802332;0.06268870664819658;jir
[128, 16, 4, 1];0.003902684722561389;0.12794318277244607;jir
[128, 16, 4, 4];0.007991077261976898;0.0624849301780344;jir
[128, 16, 8, 1];0.0038587769377045333;0.1293990072043231;jir
[128, 16, 8, 4];0.008317933417856693;0.06002956259423468;jir
[128, 32, 1, 1];0.0042841286631301045;0.11655156603001886;jir
[128, 32, 1, 4];0.00429077708395198;0.11637097313431372;jir
[128, 32, 2, 1];0.0030433241045102477;0.16407122199765148;jir
[128, 32, 2, 4];0.004904778674244881;0.1018031470785536;jir
[128, 32, 4, 1];0.0028400632727425545;0.17581365512315725;jir
[128, 32, 4, 4];0.004892132768873125;0.10206630284830162;jir
[128, 64, 1, 1];0.0037417799467220902;0.133445021319152;jir
[128, 64, 1, 4];0.003749209630768746;0.13318057775807077;jir
[128, 64, 2, 1];0.0024030439381022006;0.2077872555073809;jir
[128, 64, 2, 4];0.0038898513885214925;0.12836529082713719;jir
[128, 128, 1, 1];0.0036346028791740537;0.1373800443572458;jir
[128, 128, 1, 4];0.0036345309927128255;0.13738276156209342;jir
[256, 16, 1, 1];0.008817438501864672;0.056628906984302806;jir
[256, 16, 1, 4];0.010821250965818763;0.0461427155085045;jir
[256, 16, 2, 1];0.004349987138994038;0.11478698414666488;jir
[256, 16, 2, 4];0.01039709779433906;0.04802512341797651;jir
[256, 16, 4, 1];0.003977328131441027;0.1255420443726365;jir
[256, 16, 4, 4];0.010502485907636583;0.04754321111717342;jir
[256, 32, 1, 1];0.004487916536163539;0.11125917800350768;jir
[256, 32, 1, 4];0.0044902986264787614;0.11120015533431617;jir
[256, 32, 2, 1];0.0031494678696617484;0.15854167288759538;jir
[256, 32, 2, 4];0.004581281333230436;0.10899175764213849;jir
[256, 64, 1, 1];0.003777421952690929;0.13218589583464507;jir
[256, 64, 1, 4];0.0037808927590958774;0.13206455104040224;jir
